<?xml version="1.0" encoding="UTF-8"?>
<l:dependencies xmlns:l='licenses' groupId='com.checkmarx.jenkins' artifactId='checkmarx' version='7.1.6.3-19'><l:dependency name='checkmarx' groupId='com.checkmarx.jenkins' artifactId='checkmarx' version='7.1.6.3-19' url='http://jenkins-ci.org/plugin/checkmarx/'><l:description/></l:dependency><l:dependency name='Log4j' groupId='log4j' artifactId='log4j' version='1.2.14' url='http://logging.apache.org/log4j/docs/'><l:description>Log4j</l:description><l:license name='The Apache Software License, Version 2.0' url='http://www.apache.org/licenses/LICENSE-2.0.txt'/></l:dependency><l:dependency name='Spring Expression Language (SpEL)' groupId='org.springframework' artifactId='spring-expression' version='4.0.1.RELEASE' url='https://github.com/spring-projects/spring-framework'><l:description>Spring Expression Language (SpEL)</l:description><l:license name='The Apache Software License, Version 2.0' url='http://www.apache.org/licenses/LICENSE-2.0.txt'/></l:dependency><l:dependency name='Spring AOP' groupId='org.springframework' artifactId='spring-aop' version='4.0.1.RELEASE' url='https://github.com/spring-projects/spring-framework'><l:description>Spring AOP</l:description><l:license name='The Apache Software License, Version 2.0' url='http://www.apache.org/licenses/LICENSE-2.0.txt'/></l:dependency><l:dependency name='Woodstox' groupId='org.codehaus.woodstox' artifactId='woodstox-core-asl' version='4.2.0' url='http://woodstox.codehaus.org'><l:description>Woodstox is a high-performance XML processor that
implements Stax (JSR-173) and SAX2 APIs</l:description><l:license name='The Apache Software License, Version 2.0' url='http://www.apache.org/licenses/LICENSE-2.0.txt'/></l:dependency><l:dependency name='Apache CXF Runtime WS Policy' groupId='org.apache.cxf' artifactId='cxf-rt-ws-policy' version='2.7.10' url='http://cxf.apache.org'><l:description>Apache CXF Runtime WS Policy</l:description><l:license name='The Apache Software License, Version 2.0' url='http://www.apache.org/licenses/LICENSE-2.0.txt'/></l:dependency><l:dependency name='Jetty :: Utilities' groupId='org.eclipse.jetty' artifactId='jetty-util' version='8.1.14.v20131031' url='http://www.eclipse.org/jetty'><l:description>Utility classes for Jetty</l:description><l:license name='Apache Software License - Version 2.0' url='http://www.apache.org/licenses/LICENSE-2.0'/><l:license name='Eclipse Public License - Version 1.0' url='http://www.eclipse.org/org/documents/epl-v10.php'/></l:dependency><l:dependency name='JAXB RI' groupId='com.sun.xml.bind' artifactId='jaxb-impl' version='2.1.13' url='https://jaxb.dev.java.net/'><l:description>JAXB (JSR 222) reference implementation</l:description><l:license name='CDDL 1.0' url='https://glassfish.dev.java.net/public/CDDL+GPL.html'/><l:license name='GPL2 w/ CPE' url='https://glassfish.dev.java.net/public/CDDL+GPL.html'/></l:dependency><l:dependency name='IntelliJ IDEA Annotations' groupId='com.intellij' artifactId='annotations' version='12.0' url='http://www.jetbrains.org'><l:description>A set of annotations used for code inspection support and code documentation.</l:description><l:license name='Apache License 2' url='http://www.apache.org/licenses/LICENSE-2.0.txt'/></l:dependency><l:dependency name='Zipper' groupId='com.checkmarx.components' artifactId='zipper' version='1.2.0' url=''><l:description/></l:dependency><l:dependency name='Apache CXF Runtime XML Binding' groupId='org.apache.cxf' artifactId='cxf-rt-bindings-xml' version='2.7.10' url='http://cxf.apache.org'><l:description>Apache CXF Runtime XML Binding</l:description><l:license name='The Apache Software License, Version 2.0' url='http://www.apache.org/licenses/LICENSE-2.0.txt'/></l:dependency><l:dependency name='Spring Context' groupId='org.springframework' artifactId='spring-context' version='4.0.1.RELEASE' url='https://github.com/spring-projects/spring-framework'><l:description>Spring Context</l:description><l:license name='The Apache Software License, Version 2.0' url='http://www.apache.org/licenses/LICENSE-2.0.txt'/></l:dependency><l:dependency name='Apache CXF Runtime Simple Frontend' groupId='org.apache.cxf' artifactId='cxf-rt-frontend-simple' version='2.7.10' url='http://cxf.apache.org'><l:description>Apache CXF Runtime Simple Frontend</l:description><l:license name='The Apache Software License, Version 2.0' url='http://www.apache.org/licenses/LICENSE-2.0.txt'/></l:dependency><l:dependency name='SLF4J API Module' groupId='org.slf4j' artifactId='slf4j-api' version='1.7.5' url='http://www.slf4j.org'><l:description>The slf4j API</l:description><l:license name='MIT License' url='http://www.opensource.org/licenses/mit-license.php'/></l:dependency><l:dependency name='Ehcache Core' groupId='net.sf.ehcache' artifactId='ehcache-core' version='2.5.1' url='http://ehcache.org'><l:description>This is the ehcache core module. Pair it with other modules for added functionality.</l:description><l:license name='The Apache Software License, Version 2.0' url='src/assemble/EHCACHE-CORE-LICENSE.txt'/></l:dependency><l:dependency name='XmlSchema Core' groupId='org.apache.ws.xmlschema' artifactId='xmlschema-core' version='2.1.0' url='http://ws.apache.org/commons/xmlschema20/xmlschema-core/'><l:description>Commons XMLSchema is a light weight schema object model that can be used to manipulate or
        generate XML schema.</l:description><l:license name='The Apache Software License, Version 2.0' url='http://www.apache.org/licenses/LICENSE-2.0.txt'/></l:dependency><l:dependency name='Jetty :: Server Core' groupId='org.eclipse.jetty' artifactId='jetty-server' version='8.1.14.v20131031' url='http://www.eclipse.org/jetty'><l:description>The core jetty server artifact.</l:description><l:license name='Apache Software License - Version 2.0' url='http://www.apache.org/licenses/LICENSE-2.0'/><l:license name='Eclipse Public License - Version 1.0' url='http://www.eclipse.org/org/documents/epl-v10.php'/></l:dependency><l:dependency name='Spring Beans' groupId='org.springframework' artifactId='spring-beans' version='4.0.1.RELEASE' url='https://github.com/spring-projects/spring-framework'><l:description>Spring Beans</l:description><l:license name='The Apache Software License, Version 2.0' url='http://www.apache.org/licenses/LICENSE-2.0.txt'/></l:dependency><l:dependency name='Hamcrest All' groupId='org.hamcrest' artifactId='hamcrest-all' version='1.1' url=''><l:description/><l:license name='BSD style' url='http://www.opensource.org/licenses/bsd-license.php'/></l:dependency><l:dependency name='OpenSAML-J' groupId='org.opensaml' artifactId='opensaml' version='2.5.1-1' url='http://opensaml.org/'><l:description>The OpenSAML-J library provides tools to support developers working with the Security Assertion Markup Language
        (SAML).</l:description><l:license name='Apache 2' url='http://www.apache.org/licenses/LICENSE-2.0.txt'/></l:dependency><l:dependency name='Stax2 API' groupId='org.codehaus.woodstox' artifactId='stax2-api' version='3.1.1' url='http://woodstox.codehaus.org/StAX2'><l:description>Stax2 API is an extension to basic Stax 1.0 API that adds significant new functionality, such as full-featured bi-direction validation interface and high-performance Typed Access API.</l:description><l:license name='The BSD License' url='http://www.opensource.org/licenses/bsd-license.php'/></l:dependency><l:dependency name='XMLTooling-J' groupId='org.opensaml' artifactId='xmltooling' version='1.3.2-1' url='http://opensaml.org/'><l:description>XMLTooling-J is a low-level library that may be used to construct libraries that allow developers to work with
        XML in a Java beans manner.</l:description><l:license name='Apache 2' url='http://www.apache.org/licenses/LICENSE-2.0.txt'/></l:dependency><l:dependency name='Apache XML Security for Java' groupId='org.apache.santuario' artifactId='xmlsec' version='1.5.2' url='http://santuario.apache.org/'><l:description>Apache XML Security for Java supports XML-Signature Syntax and Processing,
        W3C Recommendation 12 February 2002, and XML Encryption Syntax and
        Processing, W3C Recommendation 10 December 2002. As of version 1.4,
        the library supports the standard Java API JSR-105: XML Digital Signature APIs.</l:description><l:license name='The Apache Software License, Version 2.0' url='http://www.apache.org/licenses/LICENSE-2.0.txt'/></l:dependency><l:dependency name='Jetty :: Http Utility' groupId='org.eclipse.jetty' artifactId='jetty-http' version='8.1.14.v20131031' url='http://www.eclipse.org/jetty'><l:description>Administrative parent pom for Jetty modules</l:description><l:license name='Apache Software License - Version 2.0' url='http://www.apache.org/licenses/LICENSE-2.0'/><l:license name='Eclipse Public License - Version 1.0' url='http://www.eclipse.org/org/documents/epl-v10.php'/></l:dependency><l:dependency name='Jetty :: Continuation' groupId='org.eclipse.jetty' artifactId='jetty-continuation' version='8.1.14.v20131031' url='http://www.eclipse.org/jetty'><l:description>Asynchronous API</l:description><l:license name='Apache Software License - Version 2.0' url='http://www.apache.org/licenses/LICENSE-2.0'/><l:license name='Eclipse Public License - Version 1.0' url='http://www.eclipse.org/org/documents/epl-v10.php'/></l:dependency><l:dependency name='JavaMail 1.4' groupId='org.apache.geronimo.specs' artifactId='geronimo-javamail_1.4_spec' version='1.7.1' url='http://geronimo.apache.org/maven/specs/geronimo-javamail_1.4_spec/1.7.1'><l:description>Javamail 1.4 Specification</l:description><l:license name='The Apache Software License, Version 2.0' url='http://www.apache.org/licenses/LICENSE-2.0.txt'/></l:dependency><l:dependency name='Spring Core' groupId='org.springframework' artifactId='spring-core' version='4.0.1.RELEASE' url='https://github.com/spring-projects/spring-framework'><l:description>Spring Core</l:description><l:license name='The Apache Software License, Version 2.0' url='http://www.apache.org/licenses/LICENSE-2.0.txt'/></l:dependency><l:dependency name='Commons Logging' groupId='commons-logging' artifactId='commons-logging' version='1.1.1' url='http://commons.apache.org/logging'><l:description>Commons Logging is a thin adapter allowing configurable bridging to other,
    well known logging systems.</l:description><l:license name='The Apache Software License, Version 2.0' url='http://www.apache.org/licenses/LICENSE-2.0.txt'/></l:dependency><l:dependency name='Jetty :: Security' groupId='org.eclipse.jetty' artifactId='jetty-security' version='8.1.14.v20131031' url='http://www.eclipse.org/jetty'><l:description>Jetty security infrastructure</l:description><l:license name='Apache Software License - Version 2.0' url='http://www.apache.org/licenses/LICENSE-2.0'/><l:license name='Eclipse Public License - Version 1.0' url='http://www.eclipse.org/org/documents/epl-v10.php'/></l:dependency><l:dependency name='lambdaj' groupId='com.googlecode.lambdaj' artifactId='lambdaj' version='2.3.3' url='http://code.google.com/p/lambdaj'><l:description>The pseudo-functional collection manipulation library</l:description><l:license name='The Apache Software License, Version 2.0' url='http://www.apache.org/licenses/LICENSE-2.0.txt'/></l:dependency><l:dependency name='Jetty :: IO Utility' groupId='org.eclipse.jetty' artifactId='jetty-io' version='8.1.14.v20131031' url='http://www.eclipse.org/jetty'><l:description>Administrative parent pom for Jetty modules</l:description><l:license name='Apache Software License - Version 2.0' url='http://www.apache.org/licenses/LICENSE-2.0'/><l:license name='Eclipse Public License - Version 1.0' url='http://www.eclipse.org/org/documents/epl-v10.php'/></l:dependency><l:dependency name='Joda time' groupId='joda-time' artifactId='joda-time' version='1.6.2' url='http://joda-time.sourceforge.net'><l:description>Date and time library to replace JDK date handling</l:description><l:license name='Apache 2' url='http://www.apache.org/licenses/LICENSE-2.0.txt'/></l:dependency><l:dependency name='Objenesis' groupId='org.objenesis' artifactId='objenesis' version='1.2' url='http://objenesis.googlecode.com/svn/docs/index.html'><l:description>A library for instantiating Java objects</l:description><l:license name='Apache 2' url='http://www.apache.org/licenses/LICENSE-2.0.txt'/></l:dependency><l:dependency name='Apache CXF Runtime JAX-WS Frontend' groupId='org.apache.cxf' artifactId='cxf-rt-frontend-jaxws' version='2.7.10' url='http://cxf.apache.org'><l:description>Apache CXF Runtime JAX-WS Frontend</l:description><l:license name='The Apache Software License, Version 2.0' url='http://www.apache.org/licenses/LICENSE-2.0.txt'/></l:dependency><l:dependency name='Apache Neethi' groupId='org.apache.neethi' artifactId='neethi' version='3.0.3' url='http://ws.apache.org/neethi/'><l:description>Apache Neethi provides general framework for the programmers to use WS Policy. It is compliant with latest WS Policy specification which was published in March 2006. This framework is specifically written to enable the Apache Web services stack to use WS Policy as a way of expressing it's requirements and capabilities.</l:description><l:license name='The Apache Software License, Version 2.0' url='http://www.apache.org/licenses/LICENSE-2.0.txt'/></l:dependency><l:dependency name='Apache CXF Runtime JAXB DataBinding' groupId='org.apache.cxf' artifactId='cxf-rt-databinding-jaxb' version='2.7.10' url='http://cxf.apache.org'><l:description>Apache CXF Runtime JAXB DataBinding</l:description><l:license name='The Apache Software License, Version 2.0' url='http://www.apache.org/licenses/LICENSE-2.0.txt'/></l:dependency><l:dependency name='ASM Core' groupId='asm' artifactId='asm' version='3.3.1' url='http://asm.objectweb.org/asm/'><l:description>A very small and fast Java bytecode manipulation framework</l:description><l:license name='BSD' url='http://asm.objectweb.org/license.html'/></l:dependency><l:dependency name='Apache CXF Runtime HTTP Transport' groupId='org.apache.cxf' artifactId='cxf-rt-transports-http' version='2.7.10' url='http://cxf.apache.org'><l:description>Apache CXF Runtime HTTP Transport</l:description><l:license name='The Apache Software License, Version 2.0' url='http://www.apache.org/licenses/LICENSE-2.0.txt'/></l:dependency><l:dependency name='Apache CXF Runtime HTTP Jetty Transport' groupId='org.apache.cxf' artifactId='cxf-rt-transports-http-jetty' version='2.7.10' url='http://cxf.apache.org'><l:description>Apache CXF Runtime HTTP Jetty Transport</l:description><l:license name='The Apache Software License, Version 2.0' url='http://www.apache.org/licenses/LICENSE-2.0.txt'/></l:dependency><l:dependency name='Apache CXF API' groupId='org.apache.cxf' artifactId='cxf-api' version='2.7.10' url='http://cxf.apache.org'><l:description>Apache CXF API</l:description><l:license name='The Apache Software License, Version 2.0' url='http://www.apache.org/licenses/LICENSE-2.0.txt'/></l:dependency><l:dependency name='Apache CXF Runtime SOAP Binding' groupId='org.apache.cxf' artifactId='cxf-rt-bindings-soap' version='2.7.10' url='http://cxf.apache.org'><l:description>Apache CXF Runtime SOAP Binding</l:description><l:license name='The Apache Software License, Version 2.0' url='http://www.apache.org/licenses/LICENSE-2.0.txt'/></l:dependency><l:dependency name='XML Commons Resolver Component' groupId='xml-resolver' artifactId='xml-resolver' version='1.2' url='http://xml.apache.org/commons/components/resolver/'><l:description>xml-commons provides an Apache-hosted set of DOM, SAX, and 
    JAXP interfaces for use in other xml-based projects. Our hope is that we 
    can standardize on both a common version and packaging scheme for these 
    critical XML standards interfaces to make the lives of both our developers 
    and users easier.</l:description><l:license name='The Apache Software License, Version 2.0' url='http://www.apache.org/licenses/LICENSE-2.0.txt'/></l:dependency><l:dependency name='Apache CXF Runtime WS Addressing' groupId='org.apache.cxf' artifactId='cxf-rt-ws-addr' version='2.7.10' url='http://cxf.apache.org'><l:description>Apache CXF Runtime WS Addressing</l:description><l:license name='The Apache Software License, Version 2.0' url='http://www.apache.org/licenses/LICENSE-2.0.txt'/></l:dependency><l:dependency name='Code Generation Library' groupId='cglib' artifactId='cglib-nodep' version='2.2' url='http://cglib.sourceforge.net/'><l:description>Code generation library with shaded ASM dependecies</l:description><l:license name='ASF 2.0' url='http://www.apache.org/licenses/LICENSE-2.0.txt'/></l:dependency><l:dependency name='WSDL4J' groupId='wsdl4j' artifactId='wsdl4j' version='1.6.3' url='http://sf.net/projects/wsdl4j'><l:description>Java stub generator for WSDL</l:description><l:license name='CPL' url='http://www.opensource.org/licenses/cpl1.0.txt'/></l:dependency><l:dependency name='Servlet 3.0' groupId='org.apache.geronimo.specs' artifactId='geronimo-servlet_3.0_spec' version='1.0' url='http://geronimo.apache.org/maven/specs/geronimo-servlet_3.0_spec/1.0'><l:description>Servlet 3.0 API</l:description><l:license name='The Apache Software License, Version 2.0' url='http://www.apache.org/licenses/LICENSE-2.0.txt'/></l:dependency><l:dependency name='OpenWS' groupId='org.opensaml' artifactId='openws' version='1.4.2-1' url='http://opensaml.org/'><l:description>The OpenWS library provides a growing set of tools to work with web services at a low level. These tools include
        classes for creating and reading SOAP messages, transport-independent clients for connecting to web services,
        and various transports for use with those clients.</l:description><l:license name='Apache 2' url='http://www.apache.org/licenses/LICENSE-2.0.txt'/></l:dependency><l:dependency name='Commons Lang' groupId='org.apache.commons' artifactId='commons-lang3' version='3.1' url='http://commons.apache.org/lang/'><l:description>Commons Lang, a package of Java utility classes for the
  classes that are in java.lang's hierarchy, or are considered to be so
  standard as to justify existence in java.lang.</l:description><l:license name='The Apache Software License, Version 2.0' url='http://www.apache.org/licenses/LICENSE-2.0.txt'/></l:dependency><l:dependency name='WSS4J' groupId='org.apache.ws.security' artifactId='wss4j' version='1.6.6' url='http://ws.apache.org/wss4j/'><l:description>The Apache WSS4J project provides a Java implementation of the primary security standards 
        for Web Services, namely the OASIS Web Services Security (WS-Security) specifications 
        from the OASIS Web Services Security TC.</l:description><l:license name='The Apache Software License, Version 2.0' url='http://www.apache.org/licenses/LICENSE-2.0.txt'/></l:dependency><l:dependency name='Apache CXF Runtime Core' groupId='org.apache.cxf' artifactId='cxf-rt-core' version='2.7.10' url='http://cxf.apache.org'><l:description>Apache CXF Runtime Core</l:description><l:license name='The Apache Software License, Version 2.0' url='http://www.apache.org/licenses/LICENSE-2.0.txt'/></l:dependency><l:dependency name='Apache CXF Runtime WS Security' groupId='org.apache.cxf' artifactId='cxf-rt-ws-security' version='2.6.1' url='http://cxf.apache.org'><l:description>Apache CXF Runtime WS Security</l:description><l:license name='The Apache Software License, Version 2.0' url='http://www.apache.org/licenses/LICENSE-2.0.txt'/></l:dependency></l:dependencies>